NC_055439.1,Xapuri mammarenavirus,Mammarenavirus,Arenaviridae,ssRNA(+/-),3405,S,"Xapuri virus strain LBCE 19881 segment S, complete sequence"
NC_055440.1,Xapuri mammarenavirus,Mammarenavirus,Arenaviridae,ssRNA(+/-),7049,L,"Xapuri virus strain LBCE 19881 segment L, complete sequence"
NC_055441.1,Muikkunen hartmanivirus,Hartmanivirus,Arenaviridae,ssRNA(+/-),5913,L,"Dante Muikkunen virus 1 isolate F18-5 segment L RNA-dependent RNA polymerase (RdRp) gene, complete cds"
NC_055442.1,Muikkunen hartmanivirus,Hartmanivirus,Arenaviridae,ssRNA(+/-),3396,S,"Dante Muikkunen virus 1 isolate F18-5_1 segment S glycoprotein precursor (GPC) and nucleoprotein (NP) genes, complete cds"
NC_055443.1,Schoolhouse hartmanivirus,Hartmanivirus,Arenaviridae,ssRNA(+/-),3322,S,"Old schoolhouse virus 1 isolate F17-0012_1 segment S glycoprotein precursor (GPC) and nucleoprotein (NP) genes, complete cds"
NC_055444.1,Schoolhouse hartmanivirus,Hartmanivirus,Arenaviridae,ssRNA(+/-),5945,L,"Old schoolhouse virus 1 isolate F17-0012_2 segment L RNA-dependent RNA polymerase (RdRp) gene, complete cds"
NC_055445.1,Zurich hartmanivirus,Hartmanivirus,Arenaviridae,ssRNA(+/-),3433,S,"Veterinary Pathology Zurich virus 1 isolate S14-369-79_1 segment S glycoprotein precursor (GPC) and nucleoprotein (NP) genes, complete cds"
NC_055446.1,Zurich hartmanivirus,Hartmanivirus,Arenaviridae,ssRNA(+/-),5938,L,"Veterinary Pathology Zurich virus 1 isolate S14-369-79_2 segment L RNA-dependent RNA polymerase (RdRp) gene, complete cds"
NC_043443.1,Haartman hartmanivirus,Hartmanivirus,Arenaviridae,ssRNA(+/-),5949,L,"Haartman Institute snake virus isolate 1 segment L, complete sequence"
NC_043444.1,Haartman hartmanivirus,Hartmanivirus,Arenaviridae,ssRNA(+/-),3377,S,"Haartman Institute snake virus isolate 1 segment S, complete sequence"
NC_040426.1,Striated antennavirus,Antennavirus,Arenaviridae,ssRNA(+/-),3260,M,"Wenling frogfish arenavirus 1 strain XYHYG11303 segment M, complete sequence"
NC_040427.1,Striated antennavirus,Antennavirus,Arenaviridae,ssRNA(+/-),2088,S,"Wenling frogfish arenavirus 1 strain XYHYG11303 segment S, complete sequence"
NC_040428.1,Striated antennavirus,Antennavirus,Arenaviridae,ssRNA(+/-),6537,L,"Wenling frogfish arenavirus 1 strain XYHYG11303 segment L, complete sequence"
NC_040464.1,Hairy antennavirus,Antennavirus,Arenaviridae,ssRNA(+/-),2016,S,"Wenling frogfish arenavirus 2 strain XYHYG24857 segment S, complete sequence"
NC_040465.1,Hairy antennavirus,Antennavirus,Arenaviridae,ssRNA(+/-),6425,L,"Wenling frogfish arenavirus 2 strain XYHYG24857 segment L, complete sequence"
NC_040466.1,Hairy antennavirus,Antennavirus,Arenaviridae,ssRNA(+/-),2551,M,"Wenling frogfish arenavirus 2 strain XYHYG24857 segment M, complete sequence"
NC_040762.1,Apore mammarenavirus,Mammarenavirus,Arenaviridae,ssRNA(+/-),3400,S,"Apore mammarenavirus strain LBCE 12071 segment S, complete sequence"
NC_040763.1,Apore mammarenavirus,Mammarenavirus,Arenaviridae,ssRNA(+/-),7217,L,"Apore mammarenavirus strain LBCE 12071 segment L, complete sequence"
NC_038364.1,Loei River mammarenavirus,Mammarenavirus,Arenaviridae,ssRNA(+/-),3344,S,"Loie River virus isolate R5074 glycoprotein precursor (GPC) and nucleocapsid protein (NP) genes, complete cds"
NC_038365.1,Loei River mammarenavirus,Mammarenavirus,Arenaviridae,ssRNA(+/-),7184,L,"Loie River virus isolate R5074 Z protein (Z) and RNA-dependent RNA polymerase (L) genes, complete cds"
NC_038366.1,Solwezi mammarenavirus,Mammarenavirus,Arenaviridae,ssRNA(+/-),7149,L,"Arenaviridae sp. 13ZR68 viral cRNA, segment L, complete sequence"
NC_038367.1,Solwezi mammarenavirus,Mammarenavirus,Arenaviridae,ssRNA(+/-),3410,S,"Arenaviridae sp. 13ZR68 viral cRNA, segment S, complete sequence"
NC_039005.1,Giessen reptarenavirus,Reptarenavirus,Arenaviridae,ssRNA(+/-),3433,S,"University of Giessen virus strain UGV-1 segment S GPC and NP genes, complete cds"
NC_039006.1,Giessen reptarenavirus,Reptarenavirus,Arenaviridae,ssRNA(+/-),6787,L,"University of Giessen virus strain UGV-1 segment L Z protein and RdRp genes, complete cds"
NC_039007.1,Ordinary reptarenavirus,Reptarenavirus,Arenaviridae,ssRNA(+/-),3400,S,"Tavallinen suomalainen mies virus clone TSMV-2_S_F15133 glycoprotein precursor and nucleoprotein genes, complete cds"
NC_039008.1,Ordinary reptarenavirus,Reptarenavirus,Arenaviridae,ssRNA(+/-),6917,L,"Tavallinen suomalainen mies virus clone TSMV-2_L_F15-133 Z-protein and RNA-dependent RNA polymerase genes, complete cds"
NC_039009.1,Ryukyu mammarenavirus,Mammarenavirus,Arenaviridae,ssRNA(+/-),3363,S,"Rat arenavirus 1 isolate YN2013 segment S, complete sequence"
NC_039010.1,Ryukyu mammarenavirus,Mammarenavirus,Arenaviridae,ssRNA(+/-),7144,L,"Rat arenavirus 1 isolate YN2013 segment L, complete sequence"
NC_039011.1,Souris mammarenavirus,Mammarenavirus,Arenaviridae,ssRNA(+/-),7263,L,"Souris virus isolate PREDICT-05775,5302,5304 segment L, complete sequence"
NC_039012.1,Souris mammarenavirus,Mammarenavirus,Arenaviridae,ssRNA(+/-),3383,S,"Souris virus isolate PREDICT-05775,5302,5304 segment S, complete sequence"
NC_027134.1,Mariental mammarenavirus,Mammarenavirus,Arenaviridae,ssRNA(+/-),3360,S,"Mariental virus strain N27 MRMi.n9 segment S glycoprotein precursor and nucleocapsid protein genes, complete cds"
NC_027135.1,Okahandja mammarenavirus,Mammarenavirus,Arenaviridae,ssRNA(+/-),3379,S,"Okahandja virus strain N73 OkhMi.n4 segment S glycoprotein precursor and nucleocapsid protein genes, complete cds"
NC_027136.1,Mariental mammarenavirus,Mammarenavirus,Arenaviridae,ssRNA(+/-),6840,L,"Mariental virus strain N27 MRMi.n9 segment L, complete sequence"
NC_027137.1,Okahandja mammarenavirus,Mammarenavirus,Arenaviridae,ssRNA(+/-),7170,L,"Okahandja virus strain N73 OkhMi.n4 segment L, complete sequence"
NC_026246.1,Gairo mammarenavirus,Mammarenavirus,Arenaviridae,ssRNA(+/-),3345,S,"Gairo virus isolate TZ-27421_S segment S, complete sequence"
NC_026247.1,Gairo mammarenavirus,Mammarenavirus,Arenaviridae,ssRNA(+/-),7264,L,"Gairo virus isolate TZ-27421_L segment L, complete sequence"
NC_026018.1,Wenzhou mammarenavirus,Mammarenavirus,Arenaviridae,ssRNA(+/-),3337,S,"Wenzhou virus isolate Rn-242 segment S, complete sequence"
NC_026019.1,Wenzhou mammarenavirus,Mammarenavirus,Arenaviridae,ssRNA(+/-),7146,L,"Wenzhou virus isolate Rn-242 segment L, complete sequence"
NC_023765.1,Alethinophid 2 reptarenavirus,Reptarenavirus,Arenaviridae,ssRNA(+/-),6935,L,"University of Helsinki virus strain UHV-1 segment L, complete sequence"
NC_023766.1,Alethinophid 2 reptarenavirus,Reptarenavirus,Arenaviridae,ssRNA(+/-),3399,S,"University of Helsinki virus strain UHV-1 segment S, complete sequence"
NC_023761.1,Rotterdam reptarenavirus,Reptarenavirus,Arenaviridae,ssRNA(+/-),3351,S,"Boa arenavirus NL isolate 3 segment S, complete sequence"
NC_023762.1,Rotterdam reptarenavirus,Reptarenavirus,Arenaviridae,ssRNA(+/-),6932,L,"Boa arenavirus NL isolate 3 segment L, complete sequence"
NC_023763.1,Merino Walk mammarenavirus,Mammarenavirus,Arenaviridae,ssRNA(+/-),7198,L,"Merino Walk virus Z protein and L genes, complete cds"
NC_023764.1,Merino Walk mammarenavirus,Mammarenavirus,Arenaviridae,ssRNA(+/-),3364,S,"Merino Walk virus GP (GP) and NP (NP) genes, complete cds"
NC_018710.1,Lunk mammarenavirus,Mammarenavirus,Arenaviridae,ssRNA(+/-),3419,S,"Lunk virus NKS-1 segment S, complete genome"
NC_018711.1,Lunk mammarenavirus,Mammarenavirus,Arenaviridae,ssRNA(+/-),7195,L,"Lunk virus NKS-1 segment L, complete genome"
NC_018481.1,California reptarenavirus,Reptarenavirus,Arenaviridae,ssRNA(+/-),3368,S,"CAS virus segment S, complete genome"
NC_018482.1,Golden reptarenavirus,Reptarenavirus,Arenaviridae,ssRNA(+/-),6922,L,"Golden Gate virus segment L, complete genome"
NC_018483.1,Golden reptarenavirus,Reptarenavirus,Arenaviridae,ssRNA(+/-),3482,S,"Golden Gate virus segment S, complete genome"
NC_018484.1,California reptarenavirus,Reptarenavirus,Arenaviridae,ssRNA(+/-),6812,L,"CAS virus segment L, complete genome"
NC_016152.1,Luna mammarenavirus,Mammarenavirus,Arenaviridae,ssRNA(+/-),3377,S,"Luna virus segment S, complete genome"
NC_016153.1,Luna mammarenavirus,Mammarenavirus,Arenaviridae,ssRNA(+/-),7230,L,"Luna virus segment L, complete genome"
NC_013057.1,Morogoro mammarenavirus,,Arenaviridae,ssRNA(+/-),3383,S,"Morogoro virus segment S, complete genome"
NC_013058.1,Morogoro mammarenavirus,,Arenaviridae,ssRNA(+/-),7207,L,"Morogoro virus segment L, complete genome"
NC_012776.1,Lujo mammarenavirus,Mammarenavirus,Arenaviridae,ssRNA(+/-),3189,S,"Lujo virus segment S, complete genome"
NC_012777.1,Lujo mammarenavirus,Mammarenavirus,Arenaviridae,ssRNA(+/-),7163,L,"Lujo virus segment L, complete genome"
NC_010756.1,Paraguayan mammarenavirus,Mammarenavirus,Arenaviridae,ssRNA(+/-),3406,S,"Parana virus segment S (small), complete genome"
NC_010757.1,Flexal mammarenavirus,Mammarenavirus,Arenaviridae,ssRNA(+/-),3410,S,"Flexal virus segment S, complete sequence"
NC_010758.1,Latino mammarenavirus,Mammarenavirus,Arenaviridae,ssRNA(+/-),3474,S,"Latino virus segment S, complete sequence"
NC_010759.1,Flexal mammarenavirus,Mammarenavirus,Arenaviridae,ssRNA(+/-),7038,L,"Flexal virus segment L, complete sequence"
NC_010760.1,Latino mammarenavirus,Mammarenavirus,Arenaviridae,ssRNA(+/-),7174,L,"Latino virus segment L, complete sequence"
NC_010761.1,Paraguayan mammarenavirus,Mammarenavirus,Arenaviridae,ssRNA(+/-),7088,L,"Parana virus segment L, complete sequence"
NC_010701.1,Tamiami mammarenavirus,Mammarenavirus,Arenaviridae,ssRNA(+/-),3533,S,"Tamiami virus segment S (small), complete genome"
NC_010700.1,Whitewater Arroyo mammarenavirus,Mammarenavirus,Arenaviridae,ssRNA(+/-),3316,S,"Whitewater Arroyo virus segment S, complete sequence"
NC_010702.1,Tamiami mammarenavirus,Mammarenavirus,Arenaviridae,ssRNA(+/-),7141,L,"Tamiami virus segment L, complete sequence"
NC_010703.1,Whitewater Arroyo mammarenavirus,Mammarenavirus,Arenaviridae,ssRNA(+/-),7132,L,"Whitewater Arroyo virus segment L, complete sequence"
NC_010562.1,Chapare mammarenavirus,Mammarenavirus,Arenaviridae,ssRNA(+/-),3357,S,"Chapare virus segment S, complete sequence"
NC_010563.1,Chapare mammarenavirus,Mammarenavirus,Arenaviridae,ssRNA(+/-),7107,L,"Chapare virus segment L, complete sequence"
NC_010247.1,Serra do Navio mammarenavirus,Mammarenavirus,Arenaviridae,ssRNA(+/-),3341,S,"Amapari virus segment S, complete sequence"
NC_010253.1,Allpahuayo mammarenavirus,Mammarenavirus,Arenaviridae,ssRNA(+/-),3343,S,"Allpahuayo virus segment S, complete sequence"
NC_010248.1,Oliveros mammarenavirus,Mammarenavirus,Arenaviridae,ssRNA(+/-),3535,S,"Oliveros virus segment S, complete sequence"
NC_010249.1,Allpahuayo mammarenavirus,Mammarenavirus,Arenaviridae,ssRNA(+/-),7053,L,"Allpahuayo virus segment L, complete sequence"
NC_010250.1,Oliveros mammarenavirus,Mammarenavirus,Arenaviridae,ssRNA(+/-),7184,L,"Oliveros virus segment L, complete sequence"
NC_010251.1,Serra do Navio mammarenavirus,Mammarenavirus,Arenaviridae,ssRNA(+/-),7046,L,"Amapari virus segment L, complete sequence"
NC_010252.1,Cupixi mammarenavirus,Mammarenavirus,Arenaviridae,ssRNA(+/-),7106,L,"Cupixi virus segment L, complete sequence"
NC_010254.1,Cupixi mammarenavirus,Mammarenavirus,Arenaviridae,ssRNA(+/-),3332,S,"Cupixi virus segment S, complete sequence"
NC_010255.1,Bear Canyon mammarenavirus,Mammarenavirus,Arenaviridae,ssRNA(+/-),7102,L,"Bear Canyon virus segment L, complete sequence"
NC_010256.1,Bear Canyon mammarenavirus,Mammarenavirus,Arenaviridae,ssRNA(+/-),3339,S,"Bear Canyon virus segment S, complete sequence"
NC_007903.1,Mobala mammarenavirus,Mammarenavirus,Arenaviridae,ssRNA(+/-),3380,S,"Mobala virus segment S, complete sequence"
NC_007904.1,Mobala mammarenavirus,Mammarenavirus,Arenaviridae,ssRNA(+/-),7325,L,"Mobala virus segment L, complete sequence"
NC_007905.1,Ippy mammarenavirus,Mammarenavirus,Arenaviridae,ssRNA(+/-),3366,S,"Ippy virus segment S, complete sequence"
NC_007906.1,Ippy mammarenavirus,Mammarenavirus,Arenaviridae,ssRNA(+/-),7316,L,"Ippy virus segment L, complete sequence"
NC_006572.1,Mopeia Lassa virus reassortant 29,Arenavirus,Arenaviridae,ssRNA(+/-),7271,L,"Mopeia Lassa reassortant 29 segment L, complete genome"
NC_006573.1,Mopeia Lassa virus reassortant 29,Arenavirus,Arenaviridae,ssRNA(+/-),3402,S,"Mopeia Lassa reassortant 29 segment S, complete genome"
NC_006574.1,Mopeia mammarenavirus,Mammarenavirus,Arenaviridae,ssRNA(+/-),7271,L,"Mopeia virus AN20410 segment L, complete genome"
NC_006575.1,Mopeia mammarenavirus,Mammarenavirus,Arenaviridae,ssRNA(+/-),3427,S,"Mopeia virus AN20410 segment S, complete genome"
NC_006439.1,Cali mammarenavirus,Mammarenavirus,Arenaviridae,ssRNA(+/-),6997,L RNA,"Pichinde virus large RNA segment, complete sequence"
NC_006447.1,Cali mammarenavirus,Mammarenavirus,Arenaviridae,ssRNA(+/-),3419,S,"Pichinde mammarenavirus segment S, complete sequence"
NC_006313.1,Brazilian mammarenavirus,Mammarenavirus,Arenaviridae,ssRNA(+/-),7133,L,"Sabia virus, complete genome"
NC_006317.1,Brazilian mammarenavirus,Mammarenavirus,Arenaviridae,ssRNA(+/-),3366,,"Sabia virus, complete genome"
NC_005894.1,Pirital mammarenavirus,Mammarenavirus,Arenaviridae,ssRNA(+/-),3393,S,"Pirital virus segment S, complete sequence"
NC_005897.1,Pirital mammarenavirus,Mammarenavirus,Arenaviridae,ssRNA(+/-),7089,L,"Pirital virus segment L, complete genome"
NC_005077.1,Guanarito mammarenavirus,Mammarenavirus,Arenaviridae,ssRNA(+/-),3343,S,"Guanarito virus segment S, complete genome"
NC_005078.1,Machupo mammarenavirus,Mammarenavirus,Arenaviridae,ssRNA(+/-),3439,S,"Machupo virus segment S, complete genome"
NC_005079.1,Machupo mammarenavirus,Mammarenavirus,Arenaviridae,ssRNA(+/-),7196,L,"Machupo virus segment L, complete genome"
NC_005080.1,Argentinian mammarenavirus,Mammarenavirus,Arenaviridae,ssRNA(+/-),7114,L,"Junin virus segment L, complete genome"
NC_005081.1,Argentinian mammarenavirus,Mammarenavirus,Arenaviridae,ssRNA(+/-),3411,S,"Junin virus segment S, complete genome"
NC_005082.1,Guanarito mammarenavirus,Mammarenavirus,Arenaviridae,ssRNA(+/-),7081,L,"Guanarito virus segment L, complete genome"
NC_004297.1,Lassa mammarenavirus,Mammarenavirus,Arenaviridae,ssRNA(+/-),7279,L,"Lassa virus segment L, complete sequence"
NC_004292.1,Tacaribe mammarenavirus,Mammarenavirus,Arenaviridae,ssRNA(+/-),7102,L,"Tacaribe virus segment L, complete sequence"
NC_004293.1,Tacaribe mammarenavirus,Mammarenavirus,Arenaviridae,ssRNA(+/-),3432,S,"Tacaribe virus segment S, complete sequence"
NC_004291.1,Lymphocytic choriomeningitis mammarenavirus,Mammarenavirus,Arenaviridae,ssRNA(+/-),6680,L,"Lymphocytic choriomeningitis virus segment L, complete sequence"
NC_004294.1,Lymphocytic choriomeningitis mammarenavirus,Mammarenavirus,Arenaviridae,ssRNA(+/-),3376,S,"Lymphocytic choriomeningitis virus segment S, complete sequence"
NC_004296.1,Lassa mammarenavirus,Mammarenavirus,Arenaviridae,ssRNA(+/-),3402,S,"Lassa virus segment S, complete sequence"
OM030293.1,Wenzhou Rattus losea mammarenavirus 1,Mammarenavirus,Arenaviridae,ssRNA(+/-),7204,L,"Wenzhou Rattus losea mammarenavirus 1 isolate WZ_HuMao segment L, complete sequence"
OM030294.1,Wenzhou Rattus losea mammarenavirus 1,Mammarenavirus,Arenaviridae,ssRNA(+/-),3453,S,"Wenzhou Rattus losea mammarenavirus 1 isolate WZ_HuMao segment S, complete sequence"
OM140826.1,Lassa mammarenavirus,Mammarenavirus,Arenaviridae,ssRNA(+/-),7277,L,"Lassa mammarenavirus isolate 813877 segment L, complete sequence"
OM140827.1,Lassa mammarenavirus,Mammarenavirus,Arenaviridae,ssRNA(+/-),3363,S,"Lassa mammarenavirus isolate 813877 segment S, complete sequence"
OM140828.1,Lassa mammarenavirus,Mammarenavirus,Arenaviridae,ssRNA(+/-),7236,L,"Lassa mammarenavirus isolate 813878 segment L, complete sequence"
OM140829.1,Lassa mammarenavirus,Mammarenavirus,Arenaviridae,ssRNA(+/-),3421,S,"Lassa mammarenavirus isolate 813878 segment S, complete sequence"
OM140830.1,Lassa mammarenavirus,Mammarenavirus,Arenaviridae,ssRNA(+/-),7237,L,"Lassa mammarenavirus isolate 813888 segment L, complete sequence"
OM140831.1,Lassa mammarenavirus,Mammarenavirus,Arenaviridae,ssRNA(+/-),3420,S,"Lassa mammarenavirus isolate 813888 segment S, complete sequence"
MZ558311.1,Lymphocytic choriomeningitis mammarenavirus,Mammarenavirus,Arenaviridae,ssRNA(+/-),3381,S,"Lymphocytic choriomeningitis mammarenavirus isolate SK1042 segment S, complete sequence"
MZ568449.1,Lymphocytic choriomeningitis mammarenavirus,Mammarenavirus,Arenaviridae,ssRNA(+/-),3380,S,"Lymphocytic choriomeningitis mammarenavirus isolate SK1194 segment S, complete sequence"
MZ328236.1,Wenzhou Apodemus agrarius mammarenavirus 1,Mammarenavirus,Arenaviridae,ssRNA(+/-),7144,L,"Wenzhou Apodemus agrarius mammarenavirus 1 isolate LCS_heixian segment L, complete sequence"
MZ328237.1,Wenzhou Apodemus agrarius mammarenavirus 1,Mammarenavirus,Arenaviridae,ssRNA(+/-),3283,S,"Wenzhou Apodemus agrarius mammarenavirus 1 isolate LCS_heixian segment S, complete sequence"
MZ328238.1,Wenzhou Rattus norvegicus mammarenavirus 1,Mammarenavirus,Arenaviridae,ssRNA(+/-),7167,L,"Wenzhou Rattus norvegicus mammarenavirus 1 isolate LCS_hejia segment L, complete sequence"
MZ328239.1,Wenzhou Rattus norvegicus mammarenavirus 1,Mammarenavirus,Arenaviridae,ssRNA(+/-),3450,S,"Wenzhou Rattus norvegicus mammarenavirus 1 isolate LCS_hejia segment S, complete sequence"
MZ328240.1,Wenzhou Rattus tanezumi mammarenavirus 1,Mammarenavirus,Arenaviridae,ssRNA(+/-),7161,L,"Wenzhou Rattus tanezumi mammarenavirus 1 isolate LCS_huangxiong segment L, complete sequence"
MZ328241.1,Wenzhou Rattus tanezumi mammarenavirus 1,Mammarenavirus,Arenaviridae,ssRNA(+/-),3345,S,"Wenzhou Rattus tanezumi mammarenavirus 1 isolate LCS_huangxiong segment S, complete sequence"
MZ328242.1,Wenzhou Suncus murinus mammarenavirus 1,Mammarenavirus,Arenaviridae,ssRNA(+/-),7139,L,"Wenzhou Suncus murinus mammarenavirus 1 isolate WCS_qujing segment L, complete sequence"
MZ328243.1,Wenzhou Suncus murinus mammarenavirus 1,Mammarenavirus,Arenaviridae,ssRNA(+/-),3304,S,"Wenzhou Suncus murinus mammarenavirus 1 isolate WCS_qujing segment S, complete sequence"
MZ328244.1,Wufeng Rhinolophus pearsonii mammarenavirus 1,Mammarenavirus,Arenaviridae,ssRNA(+/-),7084,L,"Wufeng Rhinolophus pearsonii mammarenavirus 1 isolate WFB_Rpear segment L, complete sequence"
MZ328245.1,Wufeng Rhinolophus pearsonii mammarenavirus 1,Mammarenavirus,Arenaviridae,ssRNA(+/-),3285,S,"Wufeng Rhinolophus pearsonii mammarenavirus 1 isolate WFB_Rpear segment S, complete sequence"
MZ328246.1,Wufeng Niviventer niviventer mammarenavirus 1,Mammarenavirus,Arenaviridae,ssRNA(+/-),7114,L,"Wufeng Niviventer niviventer mammarenavirus 1 isolate WFS_she segment L, complete sequence"
MZ328247.1,Wufeng Niviventer niviventer mammarenavirus 1,Mammarenavirus,Arenaviridae,ssRNA(+/-),3312,S,"Wufeng Niviventer niviventer mammarenavirus 1 isolate WFS_she segment S, complete sequence"
MZ272057.1,Wenzhou mammarenavirus,Mammarenavirus,Arenaviridae,ssRNA(+/-),3422,S,"Wenzhou mammarenavirus isolate CH27 segment S, complete sequence"
MZ272059.1,Wenzhou mammarenavirus,Mammarenavirus,Arenaviridae,ssRNA(+/-),3514,S,"Wenzhou mammarenavirus isolate CH31 segment S, complete sequence"
MZ272061.1,Wenzhou mammarenavirus,Mammarenavirus,Arenaviridae,ssRNA(+/-),7141,L,"Wenzhou mammarenavirus isolate CH50 segment L, complete sequence"
MZ065536.1,Bitu mammarenavirus,Mammarenavirus,Arenaviridae,ssRNA(+/-),7187,L,"Bitu mammarenavirus isolate ANG0052 segment L, complete sequence"
MZ065537.1,Bitu mammarenavirus,Mammarenavirus,Arenaviridae,ssRNA(+/-),3374,S,"Bitu mammarenavirus isolate ANG0052 segment S, complete sequence"
MZ065538.1,Bitu mammarenavirus,Mammarenavirus,Arenaviridae,ssRNA(+/-),7223,L,"Bitu mammarenavirus isolate ANG0070 segment L, complete sequence"
MZ065539.1,Bitu mammarenavirus,Mammarenavirus,Arenaviridae,ssRNA(+/-),3373,S,"Bitu mammarenavirus isolate ANG0070 segment S, complete sequence"
MZ065540.1,Kwanza mammarenavirus,Mammarenavirus,Arenaviridae,ssRNA(+/-),7216,L,"Kwanza mammarenavirus isolate ANG0206 segment L, complete sequence"
MZ065541.1,Kwanza mammarenavirus,Mammarenavirus,Arenaviridae,ssRNA(+/-),3421,S,"Kwanza mammarenavirus isolate ANG0206 segment S, complete sequence"
MZ065542.1,Luna mammarenavirus,Mammarenavirus,Arenaviridae,ssRNA(+/-),7296,L,"Luna mammarenavirus isolate ANG0117 segment L, complete sequence"
MZ065543.1,Luna mammarenavirus,Mammarenavirus,Arenaviridae,ssRNA(+/-),3476,S,"Luna mammarenavirus isolate ANG0117 segment S, complete sequence"
MW071169.1,Tacaribe mammarenavirus,Mammarenavirus,Arenaviridae,ssRNA(+/-),3421,S,"Tacaribe mammarenavirus strain T.RVL.II 573 segment S, complete sequence"
MW071170.1,Tacaribe mammarenavirus,Mammarenavirus,Arenaviridae,ssRNA(+/-),7103,L,"Tacaribe mammarenavirus strain T.RVL.II 573 segment L, complete sequence"
MK500936.1,Tamiami mammarenavirus,Mammarenavirus,Arenaviridae,ssRNA(+/-),7143,L,"Tamiami mammarenavirus strain FL segment L, complete sequence"
MK500937.1,Tamiami mammarenavirus,Mammarenavirus,Arenaviridae,ssRNA(+/-),3526,S,"Tamiami mammarenavirus strain FL segment S, complete sequence"
MT193277.1,Lassa mammarenavirus,Mammarenavirus,Arenaviridae,ssRNA(+/-),3384,S,"Lassa mammarenavirus isolate BEN-16069 segment S, complete sequence"
MT193278.1,Lassa mammarenavirus,Mammarenavirus,Arenaviridae,ssRNA(+/-),3384,S,"Lassa mammarenavirus isolate BEN-16070 segment S, complete sequence"
MT193279.1,Lassa mammarenavirus,Mammarenavirus,Arenaviridae,ssRNA(+/-),3384,S,"Lassa mammarenavirus isolate BEN-16071 segment S, complete sequence"
MT193280.1,Lassa mammarenavirus,Mammarenavirus,Arenaviridae,ssRNA(+/-),3384,S,"Lassa mammarenavirus isolate BEN-16082 segment S, complete sequence"
MT193281.1,Lassa mammarenavirus,Mammarenavirus,Arenaviridae,ssRNA(+/-),3384,S,"Lassa mammarenavirus isolate BEN-16090 segment S, complete sequence"
MT193282.1,Lassa mammarenavirus,Mammarenavirus,Arenaviridae,ssRNA(+/-),3384,S,"Lassa mammarenavirus isolate BEN-16131 segment S, complete sequence"
MT193283.1,Lassa mammarenavirus,Mammarenavirus,Arenaviridae,ssRNA(+/-),3396,S,"Lassa mammarenavirus isolate BEN-16081 segment S, complete sequence"
MT193284.1,Lassa mammarenavirus,Mammarenavirus,Arenaviridae,ssRNA(+/-),3385,S,"Lassa mammarenavirus isolate BEN-14-26530 segment S, complete sequence"
MT193288.1,Lassa mammarenavirus,Mammarenavirus,Arenaviridae,ssRNA(+/-),3396,S,"Lassa mammarenavirus isolate BEN-16-3488 segment S, complete sequence"
MT078838.1,Dhati Welel mammarenavirus,Mammarenavirus,Arenaviridae,ssRNA(+/-),3347,S,"Dhati Welel mammarenavirus isolate LAV2586 segment S, complete sequence"
MT078839.1,Dhati Welel mammarenavirus,Mammarenavirus,Arenaviridae,ssRNA(+/-),7238,L,"Dhati Welel mammarenavirus isolate LAV2586 segment L, complete sequence"
MT478050.1,Tacaribe mammarenavirus,Mammarenavirus,Arenaviridae,ssRNA(+/-),7103,L,"Tacaribe mammarenavirus strain bei segment L, complete sequence"
MT478051.1,Tacaribe mammarenavirus,Mammarenavirus,Arenaviridae,ssRNA(+/-),3421,S,"Tacaribe mammarenavirus strain bei segment S, complete sequence"
MT081316.1,Tacaribe mammarenavirus,Mammarenavirus,Arenaviridae,ssRNA(+/-),3422,S,"Tacaribe mammarenavirus strain TRVL-11573 segment S, complete sequence"
MT081317.1,Tacaribe mammarenavirus,Mammarenavirus,Arenaviridae,ssRNA(+/-),7103,L,"Tacaribe mammarenavirus strain TRVL-11573 segment L, complete sequence"
MT015969.1,Machupo mammarenavirus,Mammarenavirus,Arenaviridae,ssRNA(+/-),7196,L,"Machupo mammarenavirus strain Carvallo segment L, complete sequence"
MT015970.1,Machupo mammarenavirus,Mammarenavirus,Arenaviridae,ssRNA(+/-),3439,S,"Machupo mammarenavirus strain Carvallo segment S, complete sequence"
MN567042.1,Aramboia boa virus-1,Reptarenavirus,Arenaviridae,ssRNA(+/-),3372,S,"Aramboia boa virus-1 isolate N171-16_ArBV-1 segment S, complete sequence"
MN567043.1,Kaltenbach virus 1,Reptarenavirus,Arenaviridae,ssRNA(+/-),7010,L,"Kaltenbach virus 1 isolate N171-16_KaBV-1 segment L, complete sequence"
MN567044.1,Aramboia boa virus-1,Reptarenavirus,Arenaviridae,ssRNA(+/-),6883,L,"Aramboia boa virus-1 isolate N171-16_ArBV-1 segment L, complete sequence"
MN567045.1,Arabuta Snake virus-1,Reptarenavirus,Arenaviridae,ssRNA(+/-),6780,L,"Arabuta Snake virus-1 isolate N171-16_ArSV-1 segment L, complete sequence"
MN567046.1,University of Helsinki virus-2,Reptarenavirus,Arenaviridae,ssRNA(+/-),6813,L,"University of Helsinki virus-2 isolate N171-16_UHV-2 segment L, complete sequence"
MN567047.1,Frankfurter Strasse virus-1,Reptarenavirus,Arenaviridae,ssRNA(+/-),6831,L,"Frankfurter Strasse virus-1 isolate N171-16_FStV-1 segment L, complete sequence"
MN567048.1,Setpatvet hartmanivirus,Hartmanivirus,Arenaviridae,ssRNA(+/-),3560,S,"SetPatVet virus 1 isolate N171-16_SPVV-1 segment S, complete sequence"
MN567052.1,Aramboia boa virus-1,Reptarenavirus,Arenaviridae,ssRNA(+/-),3372,S,"Aramboia boa virus-1 isolate 481-18_ArBV-1 segment S, complete sequence"
MN567053.1,Kaltenbach virus 1,Reptarenavirus,Arenaviridae,ssRNA(+/-),7009,L,"Kaltenbach virus 1 isolate 481-18_KaBV-1 segment L, complete sequence"
MN567054.1,Aramboia boa virus-1,Reptarenavirus,Arenaviridae,ssRNA(+/-),6948,L,"Aramboia boa virus-1 isolate 481-18_ArBV-1 segment L, complete sequence"
MN567055.1,Heimat hartmanivirus,Hartmanivirus,Arenaviridae,ssRNA(+/-),3534,S,"Andere Heimat virus 1 isolate 481-18_AHeV-1 segment S, complete sequence"
MN567056.1,Heimat hartmanivirus,Hartmanivirus,Arenaviridae,ssRNA(+/-),5953,L,"Andere Heimat virus 1 isolate 481-18_AHeV-1 segment L, complete sequence"
MN567058.1,Aramboia boa virus-1,Reptarenavirus,Arenaviridae,ssRNA(+/-),3351,S,"Aramboia boa virus-1 isolate 1164-18_ArBV-1 segment S, complete sequence"
MN567059.1,Kaltenbach virus 1,Reptarenavirus,Arenaviridae,ssRNA(+/-),7007,L,"Kaltenbach virus 1 isolate 1164-18_KaBV-1 segment L, complete sequence"
MN567060.1,Aramboia boa virus-1,Reptarenavirus,Arenaviridae,ssRNA(+/-),6926,L,"Aramboia boa virus-1 isolate 1164-18_ArBV-1 segment L, complete sequence"
MN567061.1,Heimat hartmanivirus,Hartmanivirus,Arenaviridae,ssRNA(+/-),3598,S,"Andere Heimat virus 1 isolate 1164-18_AHeV-1 segment S, complete sequence"
MN567062.1,Heimat hartmanivirus,Hartmanivirus,Arenaviridae,ssRNA(+/-),5961,L,"Andere Heimat virus 1 isolate 1164-18_AHeV-1 segment L, complete sequence"
MN567064.1,Porto Alegre virus-1,Reptarenavirus,Arenaviridae,ssRNA(+/-),3464,S,"Porto Alegre virus-1 isolate 1175-17_PAV-1 segment S, complete sequence"
MN567065.1,Porto Alegre virus-1,Reptarenavirus,Arenaviridae,ssRNA(+/-),6911,L,"Porto Alegre virus-1 isolate 1175-17_PAV-1 segment L, complete sequence"
MN567066.1,Saudades virus-1,Reptarenavirus,Arenaviridae,ssRNA(+/-),6835,L,"Saudades virus-1 isolate 1175-17_SauV-1 segment L, complete sequence"
MN567067.1,Gaucho virus-1,Reptarenavirus,Arenaviridae,ssRNA(+/-),7203,L,"Gaucho virus-1 isolate 1175-17_GauV-1 segment L, complete sequence"
LC413283.1,Lymphocytic choriomeningitis mammarenavirus,Mammarenavirus,Arenaviridae,ssRNA(+/-),3375,S,"Lymphocytic choriomeningitis mammarenavirus WE-NIID viral cRNA, complete genome, segment S"
LC413284.1,Lymphocytic choriomeningitis mammarenavirus,Mammarenavirus,Arenaviridae,ssRNA(+/-),7231,L,"Lymphocytic choriomeningitis mammarenavirus WE-NIID viral cRNA, complete genome, segment L"
MN275172.1,Lassa mammarenavirus,Mammarenavirus,Arenaviridae,ssRNA(+/-),7298,L,"Lassa mammarenavirus isolate LF2384-NS-DIA-1 segment L, complete sequence"
MN275173.1,Lassa mammarenavirus,Mammarenavirus,Arenaviridae,ssRNA(+/-),3401,S,"Lassa mammarenavirus isolate LF2384-NS-DIA-1 segment S, complete sequence"
MG976577.1,Xapuri mammarenavirus,Mammarenavirus,Arenaviridae,ssRNA(+/-),7049,L,"Xapuri virus strain LBCE 19881 segment L, complete sequence"
MG976578.1,Xapuri mammarenavirus,Mammarenavirus,Arenaviridae,ssRNA(+/-),3405,S,"Xapuri virus strain LBCE 19881 segment S, complete sequence"
MF317491.1,Apore mammarenavirus,Mammarenavirus,Arenaviridae,ssRNA(+/-),7217,L,"Apore mammarenavirus strain LBCE 12071 segment L, complete sequence"
MG599863.1,Striated antennavirus,Antennavirus,Arenaviridae,ssRNA(+/-),6537,L,"Wenling frogfish arenavirus 1 strain XYHYG11303 segment L, complete sequence"
MG599864.1,Striated antennavirus,Antennavirus,Arenaviridae,ssRNA(+/-),2088,S,"Wenling frogfish arenavirus 1 strain XYHYG11303 segment S, complete sequence"
MG599865.1,Striated antennavirus,Antennavirus,Arenaviridae,ssRNA(+/-),3260,M,"Wenling frogfish arenavirus 1 strain XYHYG11303 segment M, complete sequence"
MG599866.1,Hairy antennavirus,Antennavirus,Arenaviridae,ssRNA(+/-),6425,L,"Wenling frogfish arenavirus 2 strain XYHYG24857 segment L, complete sequence"
MG599867.1,Hairy antennavirus,Antennavirus,Arenaviridae,ssRNA(+/-),2016,S,"Wenling frogfish arenavirus 2 strain XYHYG24857 segment S, complete sequence"
MG599868.1,Hairy antennavirus,Antennavirus,Arenaviridae,ssRNA(+/-),2551,M,"Wenling frogfish arenavirus 2 strain XYHYG24857 segment M, complete sequence"
MG599869.1,Hairy antennavirus,Antennavirus,Arenaviridae,ssRNA(+/-),6425,L,"Wenling frogfish arenavirus 2 strain XQTMC48005 segment L, complete sequence"
MG599870.1,Hairy antennavirus,Antennavirus,Arenaviridae,ssRNA(+/-),2016,S,"Wenling frogfish arenavirus 2 strain XQTMC48005 segment S, complete sequence"
MG599871.1,Hairy antennavirus,Antennavirus,Arenaviridae,ssRNA(+/-),2549,M,"Wenling frogfish arenavirus 2 strain XQTMC48005 segment M, complete sequence"
MF974578.1,Wenzhou mammarenavirus,Mammarenavirus,Arenaviridae,ssRNA(+/-),3338,S,"Haikou virus isolate DK segment S, complete sequence"
KY662262.1,Wenzhou mammarenavirus,Mammarenavirus,Arenaviridae,ssRNA(+/-),7164,L,"Wenzhou mammarenavirus isolate Rn-YCB1 segment L, complete sequence"
KY662263.1,Wenzhou mammarenavirus,Mammarenavirus,Arenaviridae,ssRNA(+/-),3343,S,"Wenzhou mammarenavirus isolate Rn-YCB1 segment S, complete sequence"
MF925714.1,Wenzhou mammarenavirus,Mammarenavirus,Arenaviridae,ssRNA(+/-),7131,L,"Wenzhou mammarenavirus isolate G107 segment L, complete sequence"
MF925715.1,Wenzhou mammarenavirus,Mammarenavirus,Arenaviridae,ssRNA(+/-),3322,S,"Wenzhou mammarenavirus isolate G107 segment S, complete sequence"
KU978783.1,Machupo mammarenavirus,Mammarenavirus,Arenaviridae,ssRNA(+/-),3473,S,"Machupo mammarenavirus isolate Calomys 221600 segment S, complete sequence"
KU978784.1,Machupo mammarenavirus,Mammarenavirus,Arenaviridae,ssRNA(+/-),7175,L,"Machupo mammarenavirus isolate FSB3270 segment L, complete sequence"
KU978785.1,Machupo mammarenavirus,Mammarenavirus,Arenaviridae,ssRNA(+/-),7142,L,"Machupo mammarenavirus isolate 930060_Chicava segment L, complete sequence"
KU978786.1,Machupo mammarenavirus,Mammarenavirus,Arenaviridae,ssRNA(+/-),7143,L,"Machupo mammarenavirus isolate Calomys 221600 segment L, complete sequence"
KU978787.1,Machupo mammarenavirus,Mammarenavirus,Arenaviridae,ssRNA(+/-),7155,L,"Machupo mammarenavirus isolate 9430069 segment L, complete sequence"
KU978788.1,Machupo mammarenavirus,Mammarenavirus,Arenaviridae,ssRNA(+/-),7167,L,"Machupo mammarenavirus isolate 9530537 segment L, complete sequence"
KU978789.1,Machupo mammarenavirus,Mammarenavirus,Arenaviridae,ssRNA(+/-),7131,L,"Machupo mammarenavirus isolate Calomys 14795 segment L, complete sequence"
KU978790.1,Machupo mammarenavirus,Mammarenavirus,Arenaviridae,ssRNA(+/-),7122,L,"Machupo mammarenavirus isolate Calomys 9301012 segment L, complete sequence"
KU978791.1,Machupo mammarenavirus,Mammarenavirus,Arenaviridae,ssRNA(+/-),7195,L,"Machupo mammarenavirus isolate OBT2102 segment L, complete sequence"
KU978792.1,Machupo mammarenavirus,Mammarenavirus,Arenaviridae,ssRNA(+/-),3401,S,"Machupo mammarenavirus isolate FSB3270 segment S, complete sequence"
KU978793.1,Machupo mammarenavirus,Mammarenavirus,Arenaviridae,ssRNA(+/-),3467,S,"Machupo mammarenavirus isolate 930060_Chicava segment S, complete sequence"
KU978794.1,Machupo mammarenavirus,Mammarenavirus,Arenaviridae,ssRNA(+/-),3440,S,"Machupo mammarenavirus isolate 9430069 segment S, complete sequence"
KU978795.1,Machupo mammarenavirus,Mammarenavirus,Arenaviridae,ssRNA(+/-),3412,S,"Machupo mammarenavirus isolate 9530537 segment S, complete sequence"
KU978796.1,Machupo mammarenavirus,Mammarenavirus,Arenaviridae,ssRNA(+/-),3472,S,"Machupo mammarenavirus isolate Calomys 14795 segment S, complete sequence"
KU978797.1,Machupo mammarenavirus,Mammarenavirus,Arenaviridae,ssRNA(+/-),3417,S,"Machupo mammarenavirus isolate Calomys 9301012 segment S, complete sequence"
KU978798.1,Machupo mammarenavirus,Mammarenavirus,Arenaviridae,ssRNA(+/-),3465,S,"Machupo mammarenavirus isolate OBT2102 segment S, complete sequence"
KU978799.1,Argentinian mammarenavirus,Mammarenavirus,Arenaviridae,ssRNA(+/-),7139,L,"Argentinian mammarenavirus segment L, complete sequence"
KU978800.1,Argentinian mammarenavirus,Mammarenavirus,Arenaviridae,ssRNA(+/-),3431,S,"Argentinian mammarenavirus segment S, complete sequence"
KU978804.1,Machupo mammarenavirus,Mammarenavirus,Arenaviridae,ssRNA(+/-),3456,S,"Machupo mammarenavirus isolate SPB201004275 segment S, complete sequence"
KU978805.1,Machupo mammarenavirus,Mammarenavirus,Arenaviridae,ssRNA(+/-),7173,L,"Machupo mammarenavirus isolate SPB201004275 segment L, complete sequence"
KU961971.1,Lassa mammarenavirus,Mammarenavirus,Arenaviridae,ssRNA(+/-),3384,S,"Lassa mammarenavirus isolate Togo/2016/7082 segment S, complete sequence"
KU961972.2,Lassa mammarenavirus,Mammarenavirus,Arenaviridae,ssRNA(+/-),7282,L,"Lassa mammarenavirus isolate Togo/2016/7082 segment L, complete sequence"
KR260718.1,Guanarito mammarenavirus,Mammarenavirus,Arenaviridae,ssRNA(+/-),3345,S,"Guanarito mammarenavirus strain 308573 segment S, complete sequence"
KR260719.1,Guanarito mammarenavirus,Mammarenavirus,Arenaviridae,ssRNA(+/-),7101,L,"Guanarito mammarenavirus strain 308573 segment L, complete sequence"
KR260720.1,Guanarito mammarenavirus,Mammarenavirus,Arenaviridae,ssRNA(+/-),3379,S,"Guanarito mammarenavirus strain 260456 segment S, complete sequence"
KR260721.1,Guanarito mammarenavirus,Mammarenavirus,Arenaviridae,ssRNA(+/-),6955,L,"Guanarito mammarenavirus strain 260456 segment L, complete sequence"
KR260722.1,Guanarito mammarenavirus,Mammarenavirus,Arenaviridae,ssRNA(+/-),3361,S,"Guanarito mammarenavirus strain 329330 segment S, complete sequence"
KR260723.1,Guanarito mammarenavirus,Mammarenavirus,Arenaviridae,ssRNA(+/-),7102,L,"Guanarito mammarenavirus strain 329330 segment L, complete sequence"
KR260724.1,Guanarito mammarenavirus,Mammarenavirus,Arenaviridae,ssRNA(+/-),3378,S,"Guanarito mammarenavirus strain CFF106 segment S, complete sequence"
KR260725.1,Guanarito mammarenavirus,Mammarenavirus,Arenaviridae,ssRNA(+/-),7092,L,"Guanarito mammarenavirus strain CFF106 segment L, complete sequence"
KR260726.1,Guanarito mammarenavirus,Mammarenavirus,Arenaviridae,ssRNA(+/-),3276,S,"Guanarito mammarenavirus strain S-26764 segment S, complete sequence"
KR260727.1,Guanarito mammarenavirus,Mammarenavirus,Arenaviridae,ssRNA(+/-),7100,L,"Guanarito mammarenavirus strain S-26764 segment L, complete sequence"
KR260728.1,Guanarito mammarenavirus,Mammarenavirus,Arenaviridae,ssRNA(+/-),3360,S,"Guanarito mammarenavirus strain 362273 segment S, complete sequence"
KR260729.1,Guanarito mammarenavirus,Mammarenavirus,Arenaviridae,ssRNA(+/-),7082,L,"Guanarito mammarenavirus strain 362273 segment L, complete sequence"
KR260730.1,Argentinian mammarenavirus,Mammarenavirus,Arenaviridae,ssRNA(+/-),3408,S,"Junin mammarenavirus strain P3406_Ledesma segment S, complete sequence"
KR260731.1,Argentinian mammarenavirus,Mammarenavirus,Arenaviridae,ssRNA(+/-),7113,L,"Junin mammarenavirus strain P3406_Ledesma segment L, complete sequence"
KR260732.1,Argentinian mammarenavirus,Mammarenavirus,Arenaviridae,ssRNA(+/-),3408,S,"Junin mammarenavirus strain P2290_Ledesma segment S, complete sequence"
KR260733.1,Argentinian mammarenavirus,Mammarenavirus,Arenaviridae,ssRNA(+/-),7082,L,"Junin mammarenavirus strain P2290_Ledesma segment L, complete sequence"
KR260734.1,Argentinian mammarenavirus,Mammarenavirus,Arenaviridae,ssRNA(+/-),3409,S,"Junin mammarenavirus strain P3766 segment S, complete sequence"
KR260735.1,Argentinian mammarenavirus,Mammarenavirus,Arenaviridae,ssRNA(+/-),7112,L,"Junin mammarenavirus strain P3766 segment L, complete sequence"
KM020190.1,Ryukyu mammarenavirus,Mammarenavirus,Arenaviridae,ssRNA(+/-),7144,L,"Rat arenavirus 1 isolate YN2013 segment L, complete sequence"
KM020191.1,Ryukyu mammarenavirus,Mammarenavirus,Arenaviridae,ssRNA(+/-),3363,S,"Rat arenavirus 1 isolate YN2013 segment S, complete sequence"
KP867641.1,Mariental mammarenavirus,Mammarenavirus,Arenaviridae,ssRNA(+/-),6840,L,"Mariental virus strain N27 MRMi.n9 segment L, complete sequence"
KP867642.1,Okahandja mammarenavirus,Mammarenavirus,Arenaviridae,ssRNA(+/-),7170,L,"Okahandja virus strain N73 OkhMi.n4 segment L, complete sequence"
KP027676.1,Latino mammarenavirus,Mammarenavirus,Arenaviridae,ssRNA(+/-),3397,S,"UNVERIFIED: Latino virus isolate LBCE 8726 segment S, complete sequence"
KP027677.1,Oliveros mammarenavirus,Mammarenavirus,Arenaviridae,ssRNA(+/-),3545,S,"Oliveros virus isolate LBCE 8689 segment S, complete sequence"
KP050226.1,Souris mammarenavirus,Mammarenavirus,Arenaviridae,ssRNA(+/-),7263,L,"Souris virus isolate PREDICT-05775,5302,5304 segment L, complete sequence"
KM386660.1,Wenzhou mammarenavirus,Mammarenavirus,Arenaviridae,ssRNA(+/-),3350,S,"Wenzhou virus isolate Rn-366 segment S, complete sequence"
KM523323.1,Lymphocytic choriomeningitis mammarenavirus,Mammarenavirus,Arenaviridae,ssRNA(+/-),3374,S,"Lymphocytic choriomeningitis virus isolate Makokou segment S, complete sequence"
KM198592.1,Machupo mammarenavirus,Mammarenavirus,Arenaviridae,ssRNA(+/-),3439,S,"Machupo virus strain Carvallo segment S, complete sequence"
KM198593.1,Machupo mammarenavirus,Mammarenavirus,Arenaviridae,ssRNA(+/-),7123,L,"Machupo virus strain Carvallo segment L, complete sequence"
KF732824.1,Lymphocytic choriomeningitis mammarenavirus,Mammarenavirus,Arenaviridae,ssRNA(+/-),3376,S,"Lymphocytic choriomeningitis virus isolate IN-2012(M435) segment S, complete sequence"
KF478760.1,Lassa mammarenavirus,Mammarenavirus,Arenaviridae,ssRNA(+/-),7306,L,"Lassa virus strain Komina-R16 segment L, complete sequence"
KF478761.1,Lassa mammarenavirus,Mammarenavirus,Arenaviridae,ssRNA(+/-),7282,L,"Lassa virus strain Bamba-R114 segment L, complete sequence"
KF478762.1,Lassa mammarenavirus,Mammarenavirus,Arenaviridae,ssRNA(+/-),7253,L,"Lassa virus strain Soromba-R segment L, complete sequence"
KF478765.1,Lassa mammarenavirus,Mammarenavirus,Arenaviridae,ssRNA(+/-),3571,S,"Lassa virus strain Soromba-R segment S, complete sequence"
KF478766.1,Lassa mammarenavirus,Mammarenavirus,Arenaviridae,ssRNA(+/-),3561,S,"Lassa virus strain Bamba-R114 segment S, complete sequence"
JX560798.1,Whitewater Arroyo mammarenavirus,Mammarenavirus,Arenaviridae,ssRNA(+/-),3299,S,"North American arenavirus strain AV I0130006 segment S, complete sequence"
JX560799.1,Whitewater Arroyo mammarenavirus,Mammarenavirus,Arenaviridae,ssRNA(+/-),3300,S,"North American arenavirus strain AV M0040017 segment S, complete sequence"
KF297880.1,Alethinophid 2 reptarenavirus,Reptarenavirus,Arenaviridae,ssRNA(+/-),3399,S,"University of Helsinki virus strain UHV-1 segment S, complete sequence"
KF297881.1,Alethinophid 2 reptarenavirus,Reptarenavirus,Arenaviridae,ssRNA(+/-),6935,L,"University of Helsinki virus strain UHV-1 segment L, complete sequence"
JQ717261.1,California reptarenavirus,Reptarenavirus,Arenaviridae,ssRNA(+/-),6812,L,"CAS virus isolate ATB segment L, complete sequence"
JQ717262.1,California reptarenavirus,Reptarenavirus,Arenaviridae,ssRNA(+/-),3368,S,"CAS virus isolate ATB segment S, complete sequence"
JQ717263.1,Golden reptarenavirus,Reptarenavirus,Arenaviridae,ssRNA(+/-),6922,L,"Golden Gate virus isolate BC segment L, complete sequence"
JQ717264.1,Golden reptarenavirus,Reptarenavirus,Arenaviridae,ssRNA(+/-),3482,S,"Golden Gate virus isolate BC segment S, complete sequence"
JX017360.1,Lujo mammarenavirus,Mammarenavirus,Arenaviridae,ssRNA(+/-),3248,S,"Lujo virus segment S, complete sequence"
JX017362.1,Lujo mammarenavirus,Mammarenavirus,Arenaviridae,ssRNA(+/-),7239,L,"Lujo virus strain IGR140 segment L, complete sequence"
JF912084.1,Lymphocytic choriomeningitis mammarenavirus,Mammarenavirus,Arenaviridae,ssRNA(+/-),7228,L,"Lymphocytic choriomeningitis virus strain HP65-2009/1 segment L, complete sequence"
JF912085.1,Lymphocytic choriomeningitis mammarenavirus,Mammarenavirus,Arenaviridae,ssRNA(+/-),3365,S,"Lymphocytic choriomeningitis virus strain HP65-2009/1 segment S, complete sequence"
JN897398.1,Tacaribe mammarenavirus,Mammarenavirus,Arenaviridae,ssRNA(+/-),3433,S,"Ocozocoautla de Espinosa virus strain AV B1030026 segment S, complete sequence"
JN801474.1,Brazilian mammarenavirus,Mammarenavirus,Arenaviridae,ssRNA(+/-),3366,S,"Sabia virus strain SPH114202 segment S, complete sequence"
JN801475.1,Brazilian mammarenavirus,Mammarenavirus,Arenaviridae,ssRNA(+/-),7133,L,"Sabia virus strain SPH114202 segment L, complete sequence"
JN801476.1,Argentinian mammarenavirus,Mammarenavirus,Arenaviridae,ssRNA(+/-),3409,S,"Junin virus strain Rumero segment S, complete sequence"
JN801477.1,Argentinian mammarenavirus,Mammarenavirus,Arenaviridae,ssRNA(+/-),7113,L,"Junin virus strain Rumero segment L, complete sequence"
JN714129.1,Argentinian mammarenavirus,Mammarenavirus,Arenaviridae,ssRNA(+/-),3409,S,"Junin virus strain P3790 segment S, complete sequence"
JN714130.1,Argentinian mammarenavirus,Mammarenavirus,Arenaviridae,ssRNA(+/-),7114,L,"Junin virus strain P3790 segment L, complete sequence"
JN687949.1,Lymphocytic choriomeningitis mammarenavirus,Mammarenavirus,Arenaviridae,ssRNA(+/-),3376,S,"Lymphocytic choriomeningitis virus strain 201102714 segment S, complete sequence"
EU486820.1,Whitewater Arroyo mammarenavirus,Mammarenavirus,Arenaviridae,ssRNA(+/-),3274,S,"Arenavirus AV 96010025 segment S, complete sequence"
EU486821.1,Tamiami mammarenavirus,Mammarenavirus,Arenaviridae,ssRNA(+/-),3488,S,"Tamiami virus strain AV 97140103 segment S, complete sequence"
JN378747.1,Cali mammarenavirus,Mammarenavirus,Arenaviridae,ssRNA(+/-),3421,S,"Pichinde virus strain An4763 segment S, complete sequence"
JN378748.1,Cali mammarenavirus,Mammarenavirus,Arenaviridae,ssRNA(+/-),7057,L,"Pichinde virus strain An4763 segment L, complete sequence"
JN200801.1,Argentinian mammarenavirus,Mammarenavirus,Arenaviridae,ssRNA(+/-),3410,S,"Junin virus strain recXJ13 segment S, complete sequence"
JN561685.1,Mopeia mammarenavirus,Mammarenavirus,Arenaviridae,ssRNA(+/-),7271,L,"Mopeia virus strain AN 21366-BNI segment L, complete sequence"
JF799977.1,Argentinian mammarenavirus,Mammarenavirus,Arenaviridae,ssRNA(+/-),7114,L,"Junin virus strain XJ17 segment L, complete sequence"
JF799978.1,Argentinian mammarenavirus,Mammarenavirus,Arenaviridae,ssRNA(+/-),7114,L,"Junin virus strain XJ34 segment L, complete sequence"
JF799979.1,Argentinian mammarenavirus,Mammarenavirus,Arenaviridae,ssRNA(+/-),7114,L,"Junin virus strain XJ39 segment L, complete sequence"
JF799980.1,Argentinian mammarenavirus,Mammarenavirus,Arenaviridae,ssRNA(+/-),7114,L,"Junin virus strain XJ48 segment L, complete sequence"
JF799981.1,Argentinian mammarenavirus,Mammarenavirus,Arenaviridae,ssRNA(+/-),3410,S,"Junin virus strain XJ17 segment S, complete sequence"
JF799982.1,Argentinian mammarenavirus,Mammarenavirus,Arenaviridae,ssRNA(+/-),3410,S,"Junin virus strain XJ34 segment S, complete sequence"
JF799983.1,Argentinian mammarenavirus,Mammarenavirus,Arenaviridae,ssRNA(+/-),3410,S,"Junin virus strain XJ39 segment S, complete sequence"
JF799984.1,Argentinian mammarenavirus,Mammarenavirus,Arenaviridae,ssRNA(+/-),3410,S,"Junin virus strain XJ48 segment S, complete sequence"
HQ126698.1,Argentinian mammarenavirus,Mammarenavirus,Arenaviridae,ssRNA(+/-),7114,L,"Junin virus strain Candid1-wt segment L, complete sequence"
HQ126699.1,Argentinian mammarenavirus,Mammarenavirus,Arenaviridae,ssRNA(+/-),3410,S,"Junin virus strain Candid1-wt segment S, complete sequence"
HQ126700.1,Argentinian mammarenavirus,Mammarenavirus,Arenaviridae,ssRNA(+/-),7114,L,"Junin virus strain Candid1-rec segment L, complete sequence"
HQ126701.1,Argentinian mammarenavirus,Mammarenavirus,Arenaviridae,ssRNA(+/-),3410,S,"Junin virus strain Candid1-rec segment S, complete sequence"
HQ688672.1,Lassa mammarenavirus,Mammarenavirus,Arenaviridae,ssRNA(+/-),3401,S,"Lassa virus strain Josiah segment S, complete sequence"
HQ688673.1,Lassa mammarenavirus,Mammarenavirus,Arenaviridae,ssRNA(+/-),3401,S,"Lassa virus strain recombinant Josiah segment S, complete sequence"
HQ688674.1,Lassa mammarenavirus,Mammarenavirus,Arenaviridae,ssRNA(+/-),7285,L,"Lassa virus strain Josiah segment L, complete sequence"
HQ688675.1,Lassa mammarenavirus,Mammarenavirus,Arenaviridae,ssRNA(+/-),7285,L,"Lassa virus strain recombinant Josiah segment L, complete sequence"
FJ607019.1,Lymphocytic choriomeningitis mammarenavirus,Mammarenavirus,Arenaviridae,ssRNA(+/-),7286,L,"Lymphocytic choriomeningitis virus strain 810366 segment L, complete sequence"
FJ607020.1,Lymphocytic choriomeningitis mammarenavirus,Mammarenavirus,Arenaviridae,ssRNA(+/-),7251,L,"Lymphocytic choriomeningitis virus strain 810935 segment L, complete sequence"
FJ607021.1,Lymphocytic choriomeningitis mammarenavirus,Mammarenavirus,Arenaviridae,ssRNA(+/-),7238,L,"Lymphocytic choriomeningitis virus strain 200501927 segment L, complete sequence"
FJ607022.1,Lymphocytic choriomeningitis mammarenavirus,Mammarenavirus,Arenaviridae,ssRNA(+/-),7194,L,"Lymphocytic choriomeningitis virus strain 811316 segment L, complete sequence"
FJ607023.1,Lymphocytic choriomeningitis mammarenavirus,Mammarenavirus,Arenaviridae,ssRNA(+/-),7221,L,"Lymphocytic choriomeningitis virus strain 810885 segment L, complete sequence"
FJ607024.1,Lymphocytic choriomeningitis mammarenavirus,Mammarenavirus,Arenaviridae,ssRNA(+/-),7228,L,"Lymphocytic choriomeningitis virus strain Douglas strain (4707) segment L, complete sequence"
FJ607025.1,Lymphocytic choriomeningitis mammarenavirus,Mammarenavirus,Arenaviridae,ssRNA(+/-),7226,L,"Lymphocytic choriomeningitis virus strain WE substrain UBC No. 57135 segment L, complete sequence"
FJ607026.1,Lymphocytic choriomeningitis mammarenavirus,Mammarenavirus,Arenaviridae,ssRNA(+/-),7238,L,"Lymphocytic choriomeningitis virus strain 200504261 segment L, complete sequence"
FJ607027.1,Lymphocytic choriomeningitis mammarenavirus,Mammarenavirus,Arenaviridae,ssRNA(+/-),7184,L,"Lymphocytic choriomeningitis virus strain 810362 segment L, complete sequence"
FJ607028.1,Lymphocytic choriomeningitis mammarenavirus,Mammarenavirus,Arenaviridae,ssRNA(+/-),3359,S,"Lymphocytic choriomeningitis virus strain 810366 segment S, complete sequence"
FJ607029.1,Lymphocytic choriomeningitis mammarenavirus,Mammarenavirus,Arenaviridae,ssRNA(+/-),3380,S,"Lymphocytic choriomeningitis virus strain 810935 segment S, complete sequence"
FJ607030.1,Lymphocytic choriomeningitis mammarenavirus,Mammarenavirus,Arenaviridae,ssRNA(+/-),3378,S,"Lymphocytic choriomeningitis virus strain 200501927 segment S, complete sequence"
FJ607031.1,Lymphocytic choriomeningitis mammarenavirus,Mammarenavirus,Arenaviridae,ssRNA(+/-),3376,S,"Lymphocytic choriomeningitis virus strain 811316 segment S, complete sequence"
FJ607032.1,Lymphocytic choriomeningitis mammarenavirus,Mammarenavirus,Arenaviridae,ssRNA(+/-),3376,S,"Lymphocytic choriomeningitis virus strain 810885 segment S, complete sequence"
FJ607033.1,Lymphocytic choriomeningitis mammarenavirus,Mammarenavirus,Arenaviridae,ssRNA(+/-),3375,S,"Lymphocytic choriomeningitis virus strain WHI segment S, complete sequence"
FJ607034.1,Lymphocytic choriomeningitis mammarenavirus,Mammarenavirus,Arenaviridae,ssRNA(+/-),3376,S,"Lymphocytic choriomeningitis virus strain WE substrain UBC A-337 segment S, complete sequence"
FJ607035.1,Lymphocytic choriomeningitis mammarenavirus,Mammarenavirus,Arenaviridae,ssRNA(+/-),3375,S,"Lymphocytic choriomeningitis virus strain Douglas strain (4707) segment S, complete sequence"
FJ607036.1,Lymphocytic choriomeningitis mammarenavirus,Mammarenavirus,Arenaviridae,ssRNA(+/-),3376,S,"Lymphocytic choriomeningitis virus strain WE substrain UBC No. 57135 segment S, complete sequence"
FJ607037.1,Lymphocytic choriomeningitis mammarenavirus,Mammarenavirus,Arenaviridae,ssRNA(+/-),3378,S,"Lymphocytic choriomeningitis virus strain 200504261 segment S, complete sequence"
FJ607038.1,Lymphocytic choriomeningitis mammarenavirus,Mammarenavirus,Arenaviridae,ssRNA(+/-),3376,S,"Lymphocytic choriomeningitis virus strain 810362 segment S, complete sequence"
EU542420.1,Pirital mammarenavirus,Mammarenavirus,Arenaviridae,ssRNA(+/-),3382,S,"Pirital virus isolate AV 97020912 segment S, complete sequence"
AY572554.1,Guanarito mammarenavirus,Mammarenavirus,Arenaviridae,ssRNA(+/-),3342,S,"Guanarito virus strain S-56764 segment S, complete sequence"
AY572558.1,Guanarito mammarenavirus,Mammarenavirus,Arenaviridae,ssRNA(+/-),3342,S,"Guanarito virus strain CVH-960102 segment S, complete sequence"
AY573923.1,Pirital mammarenavirus,Mammarenavirus,Arenaviridae,ssRNA(+/-),3378,S,"Pirital virus strain AV 97021016 segment S, complete sequence"
AY576604.1,Guanarito mammarenavirus,Mammarenavirus,Arenaviridae,ssRNA(+/-),3342,S,"Guanarito virus strain VHF-3990 segment S, complete sequence"
DQ854730.1,Argentinian mammarenavirus,Mammarenavirus,Arenaviridae,ssRNA(+/-),3409,S,"Junin virus strain P1998 segment S, complete sequence"
DQ854731.1,Argentinian mammarenavirus,Mammarenavirus,Arenaviridae,ssRNA(+/-),3409,S,"Junin virus strain P2031 segment S, complete sequence"
DQ854732.1,Argentinian mammarenavirus,Mammarenavirus,Arenaviridae,ssRNA(+/-),3409,S,"Junin virus strain P4036 segment S, complete sequence"
DQ854733.1,Argentinian mammarenavirus,Mammarenavirus,Arenaviridae,ssRNA(+/-),3409,S,"Junin virus strain P2045 segment S, complete sequence"
DQ854734.1,Argentinian mammarenavirus,Mammarenavirus,Arenaviridae,ssRNA(+/-),3408,S,"Junin virus strain P3778 segment S, complete sequence"
DQ854735.1,Argentinian mammarenavirus,Mammarenavirus,Arenaviridae,ssRNA(+/-),3409,S,"Junin virus strain P3766 segment S, complete sequence"
DQ854736.1,Argentinian mammarenavirus,Mammarenavirus,Arenaviridae,ssRNA(+/-),3410,S,"Junin virus strain P2290 segment S, complete sequence"
DQ854737.1,Argentinian mammarenavirus,Mammarenavirus,Arenaviridae,ssRNA(+/-),3409,S,"Junin virus strain P3096 segment S, complete sequence"
DQ854738.1,Argentinian mammarenavirus,Mammarenavirus,Arenaviridae,ssRNA(+/-),3409,S,"Junin virus strain P35302 segment S, complete sequence"
DQ854739.1,Argentinian mammarenavirus,Mammarenavirus,Arenaviridae,ssRNA(+/-),3409,S,"Junin virus strain P3790 segment S, complete sequence"
DQ868483.1,Lymphocytic choriomeningitis mammarenavirus,Mammarenavirus,Arenaviridae,ssRNA(+/-),3375,S,"Lymphocytic choriomeningitis virus strain CH-5692 segment S, complete sequence"
DQ868484.1,Lymphocytic choriomeningitis mammarenavirus,Mammarenavirus,Arenaviridae,ssRNA(+/-),7219,L,"Lymphocytic choriomeningitis virus strain CH-5692 segment L, complete sequence"
DQ868485.1,Lymphocytic choriomeningitis mammarenavirus,Mammarenavirus,Arenaviridae,ssRNA(+/-),3376,S,"Lymphocytic choriomeningitis virus strain Pasteur segment S, complete sequence"
DQ868486.1,Lymphocytic choriomeningitis mammarenavirus,Mammarenavirus,Arenaviridae,ssRNA(+/-),7229,L,"Lymphocytic choriomeningitis virus strain Pasteur segment L, complete sequence"
DQ868487.1,Lymphocytic choriomeningitis mammarenavirus,Mammarenavirus,Arenaviridae,ssRNA(+/-),3358,S,"Lymphocytic choriomeningitis virus strain Traub segment S, complete sequence"
DQ868488.1,Lymphocytic choriomeningitis mammarenavirus,Mammarenavirus,Arenaviridae,ssRNA(+/-),7223,L,"Lymphocytic choriomeningitis virus strain Traub segment L, complete sequence"
GQ121040.1,Argentinian mammarenavirus,Mammarenavirus,Arenaviridae,ssRNA(+/-),3410,S,"Junin virus strain XJ#44 segment S, complete sequence"
FJ895882.1,Lymphocytic choriomeningitis mammarenavirus,Mammarenavirus,Arenaviridae,ssRNA(+/-),3366,S,"Lymphocytic choriomeningitis virus strain CABN segment S, complete sequence"
FJ895883.1,Lymphocytic choriomeningitis mammarenavirus,Mammarenavirus,Arenaviridae,ssRNA(+/-),3361,S,"Lymphocytic choriomeningitis virus strain GR01 segment S, complete sequence"
FJ895884.1,Lymphocytic choriomeningitis mammarenavirus,Mammarenavirus,Arenaviridae,ssRNA(+/-),3364,S,"Lymphocytic choriomeningitis virus strain SN05 segment S, complete sequence"
EU627611.1,Flexal mammarenavirus,Mammarenavirus,Arenaviridae,ssRNA(+/-),7038,L,"Flexal virus strain BeAn 293022 segment L, complete sequence"
EU627612.1,Latino mammarenavirus,Mammarenavirus,Arenaviridae,ssRNA(+/-),7174,L,"Latino virus strain MARU 10924 segment L, complete sequence"
EU627613.1,Paraguayan mammarenavirus,Mammarenavirus,Arenaviridae,ssRNA(+/-),7088,L,"Parana virus strain 12056 segment L, complete sequence"
EU627614.1,Tamiami mammarenavirus,Mammarenavirus,Arenaviridae,ssRNA(+/-),7141,L,"Tamiami virus strain W 10777 segment L, complete sequence"
EU260463.1,Chapare mammarenavirus,Mammarenavirus,Arenaviridae,ssRNA(+/-),3357,S,"Chapare virus strain 810419 segment S, complete sequence"
EU260464.1,Chapare mammarenavirus,Mammarenavirus,Arenaviridae,ssRNA(+/-),7107,L,"Chapare virus strain 810419 segment L, complete sequence"
AY924202.1,Machupo mammarenavirus,Mammarenavirus,Arenaviridae,ssRNA(+/-),3439,S,"Machupo virus strain Chicava segment S, complete sequence"
AY924203.1,Machupo mammarenavirus,Mammarenavirus,Arenaviridae,ssRNA(+/-),3439,S,"Machupo virus strain 9430084 segment S, complete sequence"
AY924204.1,Machupo mammarenavirus,Mammarenavirus,Arenaviridae,ssRNA(+/-),3439,S,"Machupo virus strain 200002427 segment S, complete sequence"
AY924205.1,Machupo mammarenavirus,Mammarenavirus,Arenaviridae,ssRNA(+/-),3439,S,"Machupo virus strain 9301012 segment S, complete sequence"
AY924206.1,Machupo mammarenavirus,Mammarenavirus,Arenaviridae,ssRNA(+/-),3439,S,"Machupo virus strain MARU 216606 segment S, complete sequence"
AY924207.1,Machupo mammarenavirus,Mammarenavirus,Arenaviridae,ssRNA(+/-),3439,S,"Machupo virus strain MARU 222688 segment S, complete sequence"
AY924208.1,Machupo mammarenavirus,Mammarenavirus,Arenaviridae,ssRNA(+/-),3439,S,"Machupo virus strain MARU 249121 segment S, complete sequence"
AY924393.1,Tamiami mammarenavirus,Mammarenavirus,Arenaviridae,ssRNA(+/-),7141,L,"Tamiami virus strain W 10777 segment L, complete sequence"
AY924395.1,Whitewater Arroyo mammarenavirus,Mammarenavirus,Arenaviridae,ssRNA(+/-),7132,L,"Whitewater Arroyo virus strain AV 9310135 segment L, complete sequence"
DQ865244.1,Whitewater Arroyo mammarenavirus,Mammarenavirus,Arenaviridae,ssRNA(+/-),3326,S,"Catarina virus strain AV A0400135 segment S, complete sequence"
DQ865245.1,Whitewater Arroyo mammarenavirus,Mammarenavirus,Arenaviridae,ssRNA(+/-),3325,S,"Catarina virus strain AV A0400212 segment S, complete sequence"
DQ286931.1,Lymphocytic choriomeningitis mammarenavirus,Mammarenavirus,Arenaviridae,ssRNA(+/-),3376,S,"Lymphocytic choriomeningitis virus isolate Marseille #12 segment S, complete sequence"
DQ286932.1,Lymphocytic choriomeningitis mammarenavirus,Mammarenavirus,Arenaviridae,ssRNA(+/-),7241,L,"Lymphocytic choriomeningitis virus isolate Marseille #12 segment L, complete sequence"
AY497548.1,Guanarito mammarenavirus,Mammarenavirus,Arenaviridae,ssRNA(+/-),3342,S,"Guanarito virus strain CVH-960101 segment S, complete sequence"
AY924392.1,Bear Canyon mammarenavirus,Mammarenavirus,Arenaviridae,ssRNA(+/-),3328,S,"Bear Canyon virus strain AV 98470029 segment S, complete sequence"
DQ489718.2,Argentinian mammarenavirus,Mammarenavirus,Arenaviridae,ssRNA(+/-),7114,L,"Junin virus strain XJ#44 segment L, complete sequence"
DQ328874.1,Mopeia mammarenavirus,Mammarenavirus,Arenaviridae,ssRNA(+/-),3384,S,"Mopeia virus strain Mozambique segment S, complete sequence"
DQ328875.1,Mopeia mammarenavirus,Mammarenavirus,Arenaviridae,ssRNA(+/-),7242,L,"Mopeia virus strain Mozambique segment L, complete sequence"
DQ328876.1,Mobala mammarenavirus,Mammarenavirus,Arenaviridae,ssRNA(+/-),7325,L,"Mobala virus strain Acar 3080 segment L, complete sequence"
DQ328877.1,Ippy mammarenavirus,Mammarenavirus,Arenaviridae,ssRNA(+/-),3366,S,"Ippy virus strain Dak An B 188 d segment S, complete sequence"
DQ328878.1,Ippy mammarenavirus,Mammarenavirus,Arenaviridae,ssRNA(+/-),7316,L,"Ippy virus strain Dak An B 188 d segment L, complete sequence"
DQ361065.2,Lymphocytic choriomeningitis mammarenavirus,Mammarenavirus,Arenaviridae,ssRNA(+/-),3377,S,"Lymphocytic choriomeningitis virus clone 13 segment S, complete sequence"
DQ361066.1,Lymphocytic choriomeningitis mammarenavirus,Mammarenavirus,Arenaviridae,ssRNA(+/-),7229,L,"Lymphocytic choriomeningitis virus clone 13 segment L, complete sequence"
DQ272266.3,Argentinian mammarenavirus,Mammarenavirus,Arenaviridae,ssRNA(+/-),3411,S,"Junin virus strain Cba IV4454 segment S, complete sequence"
AY847350.1,Lymphocytic choriomeningitis mammarenavirus,Mammarenavirus,Arenaviridae,ssRNA(+/-),3376,RNA S,"Lymphocytic choriomeningitis virus Armstrong 53b segment RNA S, complete sequence"
AY847351.1,Lymphocytic choriomeningitis mammarenavirus,Mammarenavirus,Arenaviridae,ssRNA(+/-),7228,RNA L,"Lymphocytic choriomeningitis virus Armstrong 53b segment RNA L, complete sequence"
DQ118959.1,Lymphocytic choriomeningitis mammarenavirus,Mammarenavirus,Arenaviridae,ssRNA(+/-),3048,RNA S,"Lymphocytic choriomeningitis virus segment RNA S, complete sequence"
AY819707.2,Argentinian mammarenavirus,Mammarenavirus,Arenaviridae,ssRNA(+/-),7114,L,"Junin virus strain Candid #1 segment L, complete sequence"
AY772167.1,Mopeia Lassa virus reassortant 29,Arenavirus,Arenaviridae,ssRNA(+/-),7271,L,"Mopeia Lassa reassortant 29 segment L, complete sequence"
AY772168.1,Mopeia Lassa virus reassortant 29,Arenavirus,Arenaviridae,ssRNA(+/-),3402,S,"Mopeia Lassa reassortant 29 segment S, complete sequence"
AY772169.1,Mopeia mammarenavirus,Mammarenavirus,Arenaviridae,ssRNA(+/-),7271,L,"Mopeia virus AN20410 segment L, complete sequence"
AY772170.1,Mopeia mammarenavirus,Mammarenavirus,Arenaviridae,ssRNA(+/-),3427,S,"Mopeia virus AN20410 segment S, complete sequence"
AY746353.1,Argentinian mammarenavirus,Mammarenavirus,Arenaviridae,ssRNA(+/-),3413,S,"Junin virus strain Candid-1 segment S, complete sequence"
AY746354.1,Argentinian mammarenavirus,Mammarenavirus,Arenaviridae,ssRNA(+/-),7114,L,"Junin virus strain Candid-1 segment L, complete sequence"
AY628200.1,Lassa mammarenavirus,Mammarenavirus,Arenaviridae,ssRNA(+/-),7280,L,"Lassa virus strain Macenta segment L, complete sequence"
AY628201.1,Lassa mammarenavirus,Mammarenavirus,Arenaviridae,ssRNA(+/-),3399,S,"Lassa virus strain Macenta segment S, complete sequence"
AY628202.1,Lassa mammarenavirus,Mammarenavirus,Arenaviridae,ssRNA(+/-),7285,L,"Lassa virus strain Josiah segment L, complete sequence"
AY628203.1,Lassa mammarenavirus,Mammarenavirus,Arenaviridae,ssRNA(+/-),3402,S,"Lassa virus strain Josiah segment S, complete sequence"
AY628204.1,Lassa mammarenavirus,Mammarenavirus,Arenaviridae,ssRNA(+/-),7280,L,"Lassa virus strain Z148 segment L, complete sequence"
AY628205.1,Lassa mammarenavirus,Mammarenavirus,Arenaviridae,ssRNA(+/-),3396,S,"Lassa virus strain Z148 segment S, complete sequence"
AY628206.1,Lassa mammarenavirus,Mammarenavirus,Arenaviridae,ssRNA(+/-),3420,S,"Lassa virus strain Weller segment S, complete sequence"
AY628207.1,Lassa mammarenavirus,Mammarenavirus,Arenaviridae,ssRNA(+/-),3428,S,"Lassa virus strain Pinneo segment S, complete sequence"
AY628208.1,Lassa mammarenavirus,Mammarenavirus,Arenaviridae,ssRNA(+/-),3427,S,"Lassa virus strain Acar 3080 segment S, complete sequence"
AY624354.1,Machupo mammarenavirus,Mammarenavirus,Arenaviridae,ssRNA(+/-),7124,L,"Machupo virus strain Chicava segment L, complete sequence"
AY624355.1,Machupo mammarenavirus,Mammarenavirus,Arenaviridae,ssRNA(+/-),3439,S,"Machupo virus strain Chicava segment S, complete sequence"
AY619640.1,Argentinian mammarenavirus,Mammarenavirus,Arenaviridae,ssRNA(+/-),7113,L,"Junin virus strain Rumero segment L, complete sequence"
AY619641.1,Argentinian mammarenavirus,Mammarenavirus,Arenaviridae,ssRNA(+/-),3409,S,"Junin virus strain Rumero segment S, complete sequence"
AY619642.1,Machupo mammarenavirus,Mammarenavirus,Arenaviridae,ssRNA(+/-),7123,L,"Machupo virus strain Carvallo segment L, complete sequence"
AY619643.1,Machupo mammarenavirus,Mammarenavirus,Arenaviridae,ssRNA(+/-),3439,S,"Machupo virus strain Carvallo segment S, complete sequence"
AY619644.1,Machupo mammarenavirus,Mammarenavirus,Arenaviridae,ssRNA(+/-),7138,L,"Machupo virus strain Mallele segment L, complete sequence"
AY619645.1,Machupo mammarenavirus,Mammarenavirus,Arenaviridae,ssRNA(+/-),3439,S,"Machupo virus strain Mallele segment S, complete sequence"
AY494081.1,Pirital mammarenavirus,Mammarenavirus,Arenaviridae,ssRNA(+/-),7089,L,"Pirital virus segment L, complete sequence"
AY571904.1,Machupo mammarenavirus,Mammarenavirus,Arenaviridae,ssRNA(+/-),3401,S,"Machupo virus strain Carvallo segment S, complete sequence"
AY571959.1,Machupo mammarenavirus,Mammarenavirus,Arenaviridae,ssRNA(+/-),3389,S,"Machupo virus strain 9530537 segment S, complete sequence"
AY216502.2,Allpahuayo mammarenavirus,Mammarenavirus,Arenaviridae,ssRNA(+/-),7053,L,"Allpahuayo virus strain CLHP-2472 segment L, complete sequence"
AY216503.2,Bear Canyon mammarenavirus,Mammarenavirus,Arenaviridae,ssRNA(+/-),7102,L,"Bear Canyon virus strain A0060209 segment L, complete sequence"
AY216504.2,Guanarito mammarenavirus,Mammarenavirus,Arenaviridae,ssRNA(+/-),7081,L,"Guanarito virus strain INH-95551 segment L, complete sequence"
AY216505.2,Pirital mammarenavirus,Mammarenavirus,Arenaviridae,ssRNA(+/-),7089,L,"Pirital virus strain VAV-488 segment L, complete sequence"
AY216506.2,Brazilian mammarenavirus,Mammarenavirus,Arenaviridae,ssRNA(+/-),7132,L,"Sabia virus strain SPH114202 segment L, complete sequence"
AY216507.2,Argentinian mammarenavirus,Mammarenavirus,Arenaviridae,ssRNA(+/-),7113,L,"Junin virus strain MC2 segment L, complete sequence"
AY216511.2,Machupo mammarenavirus,Mammarenavirus,Arenaviridae,ssRNA(+/-),7123,L,"Machupo virus strain Carvallo segment L, complete sequence"
AY216514.2,Oliveros mammarenavirus,Mammarenavirus,Arenaviridae,ssRNA(+/-),7184,L,"Oliveros virus strain 3229 segment L, complete sequence"
AY216517.2,Serra do Navio mammarenavirus,Mammarenavirus,Arenaviridae,ssRNA(+/-),7046,L,"Amapari virus strain BeAn 70563 segment L, complete sequence"
AY216519.2,Cupixi mammarenavirus,Mammarenavirus,Arenaviridae,ssRNA(+/-),7106,L,"Cupixi virus strain BeAn 119303 segment L, complete sequence"
AY358021.2,Machupo mammarenavirus,Mammarenavirus,Arenaviridae,ssRNA(+/-),7196,L,"Machupo virus strain Carvallo segment L, complete sequence"
AY358022.2,Argentinian mammarenavirus,Mammarenavirus,Arenaviridae,ssRNA(+/-),7114,L,"Junin virus strain XJ13 segment L, complete sequence"
AY358023.2,Argentinian mammarenavirus,Mammarenavirus,Arenaviridae,ssRNA(+/-),3411,S,"Junin virus strain XJ13 segment S, complete sequence"
AY358024.2,Guanarito mammarenavirus,Mammarenavirus,Arenaviridae,ssRNA(+/-),7081,L,"Guanarito virus strain INH-95551 segment L, complete sequence"
AY358026.2,Brazilian mammarenavirus,Mammarenavirus,Arenaviridae,ssRNA(+/-),7133,L,"Sabia virus, complete genome"
AY129247.1,Guanarito mammarenavirus,Mammarenavirus,Arenaviridae,ssRNA(+/-),3343,S,"Guanarito virus strain INH-95551 segment S, complete sequence"
AY129248.1,Machupo mammarenavirus,Mammarenavirus,Arenaviridae,ssRNA(+/-),3439,S,"Machupo virus strain Carvallo segment S, complete sequence"
AF485256.1,Serra do Navio mammarenavirus,Mammarenavirus,Arenaviridae,ssRNA(+/-),3341,S,"Amapari virus strain BeAn 70563 segment S, complete sequence"
AF485257.1,Flexal mammarenavirus,Mammarenavirus,Arenaviridae,ssRNA(+/-),3408,S (small),"Flexal virus strain Pinheiro segment S, complete sequence"
AF485258.1,Guanarito mammarenavirus,Mammarenavirus,Arenaviridae,ssRNA(+/-),3342,S (small),"Guanarito virus strain INH-95551 segment S, complete sequence"
AF485259.1,Latino mammarenavirus,Mammarenavirus,Arenaviridae,ssRNA(+/-),3475,S (small),"Latino virus strain Maru 10924 segment S, complete sequence"
AF485260.1,Machupo mammarenavirus,Mammarenavirus,Arenaviridae,ssRNA(+/-),3440,S (small),"Machupo virus strain Carvallo segment S, complete sequence"
AF485261.1,Paraguayan mammarenavirus,Mammarenavirus,Arenaviridae,ssRNA(+/-),3406,S (small),"Parana virus strain 12056 segment S, complete sequence"
AF485262.1,Pirital mammarenavirus,Mammarenavirus,Arenaviridae,ssRNA(+/-),3393,S (small),"Pirital virus strain VAV-488 segment S, complete sequence"
AF485263.1,Tamiami mammarenavirus,Mammarenavirus,Arenaviridae,ssRNA(+/-),3533,S (small),"Tamiami virus strain CDC W-10777 segment S, complete sequence"
AF485264.1,Whitewater Arroyo mammarenavirus,Mammarenavirus,Arenaviridae,ssRNA(+/-),3316,S (small),"Whitewater Arroyo virus strain 9310141 segment S, complete sequence"
AF228063.1,Whitewater Arroyo mammarenavirus,Mammarenavirus,Arenaviridae,ssRNA(+/-),3316,S,"Whitewater Arroyo virus S segment, complete sequence"
